lga_code,lga_name,year,population,growth from 2005,growth rate from 2005
40070.0,Adelaide (C),2015.0,23169.0,6596.0,0.3979967416882882
40120.0,Adelaide Hills (DC),2015.0,40031.0,965.0,0.024701786719909895
50080.0,Albany (C),2015.0,37233.0,4507.0,0.13771924463729146
10050.0,Albury (C),2015.0,51722.0,4718.0,0.1003744362181942
40220.0,Alexandrina (DC),2015.0,25449.0,4838.0,0.2347290281888312
70200.0,Alice Springs (T),2015.0,27972.0,1400.0,0.05268703898840885
20110.0,Alpine (S),2015.0,11858.0,-514.0,-0.04154542515357258
40250.0,Anangu Pitjantjatjara (AC),2015.0,2792.0,403.0,0.16868982838007535
20260.0,Ararat (RC),2015.0,11028.0,-424.0,-0.03702410059378274
50210.0,Armadale (C),2015.0,80287.0,28492.0,0.5500917076937928
10110.0,Armidale Dumaresq (A),2015.0,25318.0,1203.0,0.04988596309351026
50250.0,Ashburton (S),2015.0,10951.0,3688.0,0.5077791546193033
10150.0,Ashfield (A),2015.0,44540.0,3708.0,0.09081112852664577
10200.0,Auburn (C),2015.0,88059.0,22135.0,0.3357654268551666
50280.0,Augusta-Margaret River (S),2015.0,13807.0,2871.0,0.26252743233357717
30250.0,Aurukun (S),2015.0,1424.0,326.0,0.29690346083788705
20570.0,Ballarat (C),2015.0,101578.0,15915.0,0.18578616205362875
10250.0,Ballina (A),2015.0,41828.0,2523.0,0.0641903065767714
30300.0,Balonne (S),2015.0,4826.0,-52.0,-0.01066010660106601
10300.0,Balranald (A),2015.0,2422.0,-123.0,-0.04833005893909627
30370.0,Banana (S),2015.0,15209.0,296.0,0.01984845436867163
10350.0,Bankstown (C),2015.0,203202.0,29920.0,0.17266652046952366
20660.0,Banyule (C),2015.0,126232.0,9083.0,0.07753373908441387
30410.0,Barcaldine (R),2015.0,3342.0,-17.0,-0.00506103006847276
30450.0,Barcoo (S),2015.0,357.0,-24.0,-0.06299212598425197
70420.0,Barkly (R),2015.0,8168.0,713.0,0.09564050972501677
40310.0,Barossa (DC),2015.0,23104.0,2353.0,0.11339212568069008
40430.0,Barunga West (DC),2015.0,2434.0,-156.0,-0.06023166023166023
20740.0,Bass Coast (S),2015.0,32033.0,5139.0,0.1910835130512382
50350.0,Bassendean (T),2015.0,16101.0,2158.0,0.15477300437495517
10470.0,Bathurst Regional (A),2015.0,42231.0,5684.0,0.15552576134840068
20830.0,Baw Baw (S),2015.0,46638.0,9559.0,0.25780091156719437
20910.0,Bayside (C),2015.0,101321.0,11448.0,0.12737974697628876
50420.0,Bayswater (C),2015.0,70472.0,13577.0,0.238632568767027
10550.0,Bega Valley (A),2015.0,33475.0,1867.0,0.05906732472791698
10600.0,Bellingen (A),2015.0,13010.0,328.0,0.025863428481312095
50490.0,Belmont (C),2015.0,41344.0,10378.0,0.3351417683911387
70540.0,Belyuen (S),2015.0,209.0,4.0,0.01951219512195122
21010.0,Benalla (RC),2015.0,13496.0,-333.0,-0.02407983223660424
40520.0,Berri and Barmera (DC),2015.0,10419.0,-771.0,-0.06890080428954423
10650.0,Berrigan (A),2015.0,8416.0,340.0,0.04210004952947004
50560.0,Beverley (S),2015.0,1582.0,-49.0,-0.030042918454935622
30760.0,Blackall-Tambo (R),2015.0,2238.0,112.0,0.05268109125117592
10750.0,Blacktown (C),2015.0,339328.0,64122.0,0.23299637362557502
10800.0,Bland (A),2015.0,5959.0,-304.0,-0.04853903879929746
10850.0,Blayney (A),2015.0,7380.0,731.0,0.1099413445630922
10900.0,Blue Mountains (C),2015.0,79812.0,3841.0,0.05055876584486185
50630.0,Boddington (S),2015.0,2537.0,1103.0,0.7691771269177127
10950.0,Bogan (A),2015.0,3059.0,95.0,0.03205128205128205
11e3,Bombala (A),2015.0,2430.0,-147.0,-0.0570430733410943
11050.0,Boorowa (A),2015.0,2625.0,246.0,0.1034047919293821
21110.0,Boroondara (C),2015.0,174787.0,16060.0,0.1011800134822683
11100.0,Botany Bay (C),2015.0,46587.0,9372.0,0.25183393792825476
30900.0,Boulia (S),2015.0,490.0,34.0,0.07456140350877193
11150.0,Bourke (A),2015.0,2876.0,-473.0,-0.14123618990743506
50770.0,Boyup Brook (S),2015.0,1625.0,53.0,0.03371501272264631
60210.0,Break O`Day (M),2015.0,6469.0,278.0,0.04490389274753675
11200.0,Brewarrina (A),2015.0,1917.0,-112.0,-0.05519960571710202
50840.0,Bridgetown-Greenbushes (S),2015.0,4662.0,528.0,0.12772133526850507
60410.0,Brighton (M),2015.0,16010.0,2064.0,0.14799942635881255
21180.0,Brimbank (C),2015.0,199432.0,26683.0,0.1544610967357264
31e3,Brisbane (C),2015.0,1162186.0,194197.0,0.20061901529872755
11250.0,Broken Hill (C),2015.0,18856.0,-1059.0,-0.05317599799146372
50910.0,Brookton (S),2015.0,1008.0,-30.0,-0.028901734104046242
50980.0,Broome (S),2015.0,17308.0,3089.0,0.21724453196427315
51080.0,Broomehill-Tambellup (S),2015.0,1134.0,-70.0,-0.05813953488372093
51120.0,Bruce Rock (S),2015.0,939.0,-101.0,-0.09711538461538462
31750.0,Bulloo (S),2015.0,396.0,-1.0,-0.0025188916876574307
21270.0,Buloke (S),2015.0,5952.0,-1043.0,-0.14910650464617584
51190.0,Bunbury (C),2015.0,34467.0,3432.0,0.11058482358627356
31820.0,Bundaberg (R),2015.0,94380.0,11504.0,0.1388097881171871
31900.0,Burdekin (S),2015.0,17831.0,295.0,0.016822536496350366
31950.0,Burke (S),2015.0,562.0,56.0,0.11067193675889328
60610.0,Burnie (C),2015.0,19887.0,340.0,0.017393973499769785
40700.0,Burnside (C),2015.0,45034.0,1762.0,0.04071917175078573
11300.0,Burwood (A),2015.0,36139.0,4443.0,0.1401754164563352
51260.0,Busselton (C),2015.0,36335.0,10339.0,0.3977150330820126
11350.0,Byron (A),2015.0,32723.0,2593.0,0.08606040491204779
11400.0,Cabonne (A),2015.0,13860.0,1317.0,0.10499880411384836
32080.0,Cairns (R),2015.0,160285.0,32949.0,0.2587563611233273
51310.0,Cambridge (T),2015.0,28250.0,3544.0,0.14344693596697158
11450.0,Camden (A),2015.0,72256.0,22266.0,0.4454090818163633
21370.0,Campaspe (S),2015.0,36747.0,-32.0,-8.700617200032627e-4
11500.0,Campbelltown (C),2015.0,158941.0,11721.0,0.07961554136666214
40910.0,Campbelltown (C),2015.0,51889.0,-95331.0,-0.647541094959924
11520.0,Canada Bay (A),2015.0,88819.0,21868.0,0.326626936117459
51330.0,Canning (C),2015.0,98355.0,18094.0,0.22543950361944157
11550.0,Canterbury (C),2015.0,151746.0,17910.0,0.13382049672733792
51400.0,Capel (S),2015.0,17316.0,7583.0,0.7791020240419192
21450.0,Cardinia (S),2015.0,90884.0,35711.0,0.6472549979156471
51470.0,Carnamah (S),2015.0,535.0,-256.0,-0.32364096080910243
51540.0,Carnarvon (S),2015.0,6098.0,-62.0,-0.010064935064935065
32250.0,Carpentaria (S),2015.0,2262.0,182.0,0.0875
11600.0,Carrathool (A),2015.0,2733.0,-214.0,-0.07261621988462844
21610.0,Casey (C),2015.0,292211.0,78390.0,0.36661506587285625
32260.0,Cassowary Coast (R),2015.0,28689.0,-435.0,-0.014936135146271116
41010.0,Ceduna (DC),2015.0,3716.0,32.0,0.008686210640608035
60810.0,Central Coast (M),2015.0,22401.0,1227.0,0.05794842731652026
11700.0,Central Darling (A),2015.0,2088.0,-8.0,-0.003816793893129771
70620.0,Central Desert (R),2015.0,4368.0,-125.0,-0.027821054974404628
21670.0,Central Goldfields (S),2015.0,12575.0,82.0,0.0065636756583686865
61010.0,Central Highlands (M),2015.0,2309.0,-36.0,-0.01535181236673774
32270.0,Central Highlands (R),2015.0,31454.0,4793.0,0.17977570233674656
11720.0,Cessnock (C),2015.0,55862.0,8557.0,0.18088996934784907
51610.0,Chapman Valley (S),2015.0,1229.0,305.0,0.3300865800865801
41060.0,Charles Sturt (C),2015.0,114209.0,11412.0,0.11101491288656284
32310.0,Charters Towers (R),2015.0,12433.0,650.0,0.05516421963846219
32330.0,Cherbourg (S),2015.0,1291.0,103.0,0.0867003367003367
51680.0,Chittering (S),2015.0,5301.0,1760.0,0.4970347359502965
61210.0,Circular Head (M),2015.0,8245.0,-41.0,-0.004948105237750422
41140.0,Clare and Gilbert Valleys (DC),2015.0,9057.0,729.0,0.08753602305475504
51750.0,Claremont (T),2015.0,10706.0,1357.0,0.14514921381965987
61410.0,Clarence (C),2015.0,54674.0,4660.0,0.09317391130483464
11730.0,Clarence Valley (A),2015.0,51040.0,2187.0,0.04476695392299347
41190.0,Cleve (DC),2015.0,1795.0,-186.0,-0.09389197375063099
32450.0,Cloncurry (S),2015.0,3351.0,9.0,0.0026929982046678637
11750.0,Cobar (A),2015.0,4975.0,-53.0,-0.010540970564836914
51820.0,Cockburn (C),2015.0,107645.0,31904.0,0.42122496402212806
11800.0,Coffs Harbour (C),2015.0,72971.0,7014.0,0.10634201070394347
21750.0,Colac-Otway (S),2015.0,20255.0,-429.0,-0.020740669116225102
51890.0,Collie (S),2015.0,9656.0,580.0,0.0639048038783605
11860.0,Conargo (A),2015.0,1533.0,-184.0,-0.10716365754222482
41330.0,Coober Pedy (DC),2015.0,1801.0,-239.0,-0.11715686274509804
32500.0,Cook (S),2015.0,4388.0,762.0,0.21014892443463873
12e3,Coolamon (A),2015.0,4342.0,270.0,0.06630648330058939
51960.0,Coolgardie (S),2015.0,4112.0,89.0,0.02212279393487447
12050.0,Cooma-Monaro (A),2015.0,10145.0,234.0,0.023610130158409848
70700.0,Coomalie (S),2015.0,1296.0,90.0,0.07462686567164178
12150.0,Coonamble (A),2015.0,4262.0,-132.0,-0.030040964952207556
52030.0,Coorow (S),2015.0,1053.0,-248.0,-0.19062259800153727
12200.0,Cootamundra (A),2015.0,7705.0,211.0,0.028155858019749132
41560.0,Copper Coast (DC),2015.0,14114.0,2674.0,0.23374125874125873
21830.0,Corangamite (S),2015.0,15671.0,-1196.0,-0.07090768957135235
12300.0,Corowa Shire (A),2015.0,11487.0,460.0,0.041715788519089504
52100.0,Corrigin (S),2015.0,1083.0,-121.0,-0.1004983388704319
52170.0,Cottesloe (T),2015.0,8602.0,1021.0,0.13467880226882997
12350.0,Cowra (A),2015.0,12476.0,-298.0,-0.023328636292469077
52240.0,Cranbrook (S),2015.0,1071.0,-54.0,-0.048
32600.0,Croydon (S),2015.0,326.0,55.0,0.2029520295202952
52310.0,Cuballing (S),2015.0,897.0,93.0,0.11567164179104478
52380.0,Cue (S),2015.0,271.0,-81.0,-0.23011363636363635
52450.0,Cunderdin (S),2015.0,1325.0,3.0,0.0022692889561270802
52520.0,Dalwallinu (S),2015.0,1284.0,-236.0,-0.15526315789473685
52590.0,Dandaragan (S),2015.0,3253.0,289.0,0.0975033738191633
52660.0,Dardanup (S),2015.0,14233.0,4014.0,0.3927977297191506
21890.0,Darebin (C),2015.0,150881.0,20583.0,0.15796865646441235
71e3,Darwin (C),2015.0,82912.0,12374.0,0.17542317616036746
12500.0,Deniliquin (A),2015.0,7429.0,-294.0,-0.03806810824809012
52730.0,Denmark (S),2015.0,5886.0,1088.0,0.2267611504793664
52800.0,Derby-West Kimberley (S),2015.0,8903.0,1021.0,0.12953565085003807
61510.0,Derwent Valley (M),2015.0,10026.0,486.0,0.0509433962264151
61610.0,Devonport (C),2015.0,25533.0,483.0,0.019281437125748504
32750.0,Diamantina (S),2015.0,288.0,-6.0,-0.02040816326530612
52870.0,Donnybrook-Balingup (S),2015.0,5849.0,1118.0,0.2363136757556542
32770.0,Doomadgee (S),2015.0,1399.0,263.0,0.23151408450704225
61810.0,Dorset (M),2015.0,7105.0,-167.0,-0.022964796479647966
32810.0,Douglas (S),2015.0,11661.0,1292.0,0.12460217957372939
52940.0,Dowerin (S),2015.0,679.0,-67.0,-0.08981233243967829
12600.0,Dubbo (C),2015.0,41934.0,3281.0,0.08488345018497917
53010.0,Dumbleyung (S),2015.0,581.0,-110.0,-0.15918958031837915
53080.0,Dundas (S),2015.0,1127.0,-28.0,-0.024242424242424242
12700.0,Dungog (A),2015.0,9195.0,932.0,0.11279196417765945
71300.0,East Arnhem (R),2015.0,10730.0,1675.0,0.1849806736609608
53150.0,East Fremantle (T),2015.0,7743.0,758.0,0.10851825340014316
22110.0,East Gippsland (S),2015.0,43995.0,3822.0,0.09513852587558808
53220.0,East Pilbara (S),2015.0,12197.0,5199.0,0.7429265504429837
41750.0,Elliston (DC),2015.0,1066.0,-106.0,-0.09044368600682594
53290.0,Esperance (S),2015.0,14478.0,784.0,0.057251350956623336
33100.0,Etheridge (S),2015.0,926.0,43.0,0.04869762174405436
12750.0,Eurobodalla (A),2015.0,37882.0,2220.0,0.06225113566261006
53360.0,Exmouth (S),2015.0,2591.0,358.0,0.16032243618450515
12850.0,Fairfield (C),2015.0,204442.0,18702.0,0.10068913535048993
62010.0,Flinders (M),2015.0,783.0,-114.0,-0.12709030100334448
33200.0,Flinders (S),2015.0,1792.0,-105.0,-0.055350553505535055
41830.0,Flinders Ranges (DC),2015.0,1608.0,-159.0,-0.0899830220713073
12900.0,Forbes (A),2015.0,9754.0,144.0,0.014984391259105098
41960.0,Franklin Harbour (DC),2015.0,1234.0,-6.0,-0.004838709677419355
22170.0,Frankston (C),2015.0,135971.0,17441.0,0.14714418290728085
33220.0,Fraser Coast (R),2015.0,101977.0,18967.0,0.22849054330803517
53430.0,Fremantle (C),2015.0,31046.0,4938.0,0.18913742914049333
22250.0,Gannawarra (S),2015.0,10019.0,-1436.0,-0.1253601047577477
42030.0,Gawler (T),2015.0,22618.0,3652.0,0.19255509859749023
62210.0,George Town (M),2015.0,6802.0,47.0,0.0069578090303478906
12950.0,Gilgandra (A),2015.0,4368.0,-284.0,-0.061049011177987965
53570.0,Gingin (S),2015.0,5450.0,916.0,0.20202911336568152
33360.0,Gladstone (R),2015.0,67464.0,16877.0,0.3336232628936288
62410.0,Glamorgan/Spring Bay (M),2015.0,4493.0,146.0,0.03358638141246837
22310.0,Glen Eira (C),2015.0,146303.0,19818.0,0.15668261058623553
13010.0,Glen Innes Severn (A),2015.0,8999.0,92.0,0.010328954754687324
22410.0,Glenelg (S),2015.0,19158.0,-893.0,-0.04453643209814972
62610.0,Glenorchy (C),2015.0,45827.0,1977.0,0.04508551881413911
13050.0,Gloucester (A),2015.0,5160.0,302.0,0.062165500205846026
53640.0,Gnowangerup (S),2015.0,1289.0,-167.0,-0.11469780219780219
33430.0,Gold Coast (C),2015.0,555608.0,118937.0,0.2723721062310069
22490.0,Golden Plains (S),2015.0,20809.0,4419.0,0.2696156192800488
53710.0,Goomalling (S),2015.0,985.0,24.0,0.02497398543184183
33610.0,Goondiwindi (R),2015.0,11022.0,725.0,0.07040885694862581
13100.0,Gosford (C),2015.0,173138.0,12405.0,0.07717767975462413
53780.0,Gosnells (C),2015.0,125051.0,32451.0,0.3504427645788337
13310.0,Goulburn Mulwaree (A),2015.0,29550.0,2935.0,0.11027616006011648
42110.0,Goyder (DC),2015.0,4232.0,-33.0,-0.007737397420867527
42250.0,Grant (DC),2015.0,8235.0,650.0,0.08569545154911008
13320.0,Great Lakes (A),2015.0,36720.0,3348.0,0.10032362459546926
22620.0,Greater Bendigo (C),2015.0,108437.0,15168.0,0.16262638175599609
22670.0,Greater Dandenong (C),2015.0,152739.0,24685.0,0.19277023755603104
22750.0,Greater Geelong (C),2015.0,229420.0,29424.0,0.1471229424588492
53800.0,Greater Geraldton (C),2015.0,41223.0,6202.0,0.17709374375374776
13340.0,Greater Hume Shire (A),2015.0,10378.0,342.0,0.03407732164208848
22830.0,Greater Shepparton (C),2015.0,63366.0,4947.0,0.08468135366918297
13380.0,Greater Taree (C),2015.0,49095.0,3044.0,0.06610062756509087
13450.0,Griffith (C),2015.0,25986.0,1657.0,0.06810801923630236
13500.0,Gundagai (A),2015.0,3756.0,-6.0,-0.001594896331738437
13550.0,Gunnedah (A),2015.0,12805.0,1013.0,0.08590569877883311
13650.0,Guyra (A),2015.0,4551.0,207.0,0.04765193370165746
13660.0,Gwydir (A),2015.0,5068.0,-374.0,-0.0687247335538405
33620.0,Gympie (R),2015.0,48681.0,6999.0,0.16791420757161366
53920.0,Halls Creek (S),2015.0,3930.0,183.0,0.0488390712570056
13700.0,Harden (A),2015.0,3706.0,41.0,0.011186903137789904
53990.0,Harvey (S),2015.0,27288.0,7723.0,0.39473549706107847
13800.0,Hawkesbury (C),2015.0,66134.0,4436.0,0.0718986028720542
13850.0,Hay (A),2015.0,2999.0,-513.0,-0.14607061503416857
22910.0,Hepburn (S),2015.0,14794.0,821.0,0.05875617261862163
33800.0,Hinchinbrook (S),2015.0,11352.0,-462.0,-0.03910614525139665
22980.0,Hindmarsh (S),2015.0,5494.0,-695.0,-0.11229600904831152
62810.0,Hobart (C),2015.0,50714.0,1824.0,0.0373082429944774
23110.0,Hobsons Bay (C),2015.0,92761.0,9771.0,0.1177370767562357
42600.0,Holdfast Bay (C),2015.0,37263.0,3256.0,0.09574499367777223
13950.0,Holroyd (C),2015.0,113294.0,22252.0,0.24441466575866083
33830.0,Hope Vale (S),2015.0,1125.0,301.0,0.36529126213592233
14e3,Hornsby (A),2015.0,170563.0,14976.0,0.09625482848824131
23190.0,Horsham (RC),2015.0,19774.0,1190.0,0.06403357727077055
23270.0,Hume (C),2015.0,194006.0,44947.0,0.30153831704224504
14100.0,Hunters Hill (A),2015.0,14741.0,1105.0,0.08103549427984746
63010.0,Huon Valley (M),2015.0,16354.0,1960.0,0.1361678477143254
14150.0,Hurstville (C),2015.0,86484.0,11026.0,0.14612102096530522
23350.0,Indigo (S),2015.0,15431.0,512.0,0.03431865406528588
14200.0,Inverell (A),2015.0,16936.0,1171.0,0.07427846495401205
33960.0,Ipswich (C),2015.0,193015.0,55691.0,0.405544551571466
54060.0,Irwin (S),2015.0,3753.0,610.0,0.19408208717785555
33980.0,Isaac (R),2015.0,24267.0,4482.0,0.2265352539802881
14250.0,Jerilderie (A),2015.0,1526.0,-182.0,-0.10655737704918032
54130.0,Jerramungup (S),2015.0,1079.0,-169.0,-0.13541666666666666
54170.0,Joondalup (C),2015.0,167891.0,11438.0,0.07310821780342978
14300.0,Junee (A),2015.0,6230.0,348.0,0.059163549812988776
54200.0,Kalamunda (S),2015.0,60830.0,9778.0,0.19153020449737523
54280.0,Kalgoorlie/Boulder (C),2015.0,33062.0,3207.0,0.10741919276503098
42750.0,Kangaroo Island (DC),2015.0,4611.0,219.0,0.049863387978142076
43080.0,Karoonda East Murray (DC),2015.0,1014.0,-186.0,-0.155
54310.0,Karratha (C),2015.0,26228.0,7364.0,0.390373197625106
54340.0,Katanning (S),2015.0,4350.0,-54.0,-0.01226158038147139
72200.0,Katherine (T),2015.0,11118.0,1492.0,0.1549968834406815
54410.0,Kellerberrin (S),2015.0,1219.0,4.0,0.0032921810699588477
14350.0,Kempsey (A),2015.0,29684.0,1748.0,0.06257159221076747
54480.0,Kent (S),2015.0,521.0,-75.0,-0.12583892617449666
63210.0,Kentish (M),2015.0,6481.0,620.0,0.10578399590513564
14400.0,Kiama (A),2015.0,21505.0,1815.0,0.09217877094972067
43220.0,Kimba (DC),2015.0,1097.0,-63.0,-0.054310344827586204
63410.0,King Island (M),2015.0,1577.0,-138.0,-0.080466472303207
63610.0,Kingborough (M),2015.0,35833.0,4813.0,0.1551579626047711
23430.0,Kingston (C),2015.0,154477.0,17386.0,0.12682087080844112
43360.0,Kingston (DC),2015.0,2363.0,-41.0,-0.017054908485856904
23670.0,Knox (C),2015.0,155681.0,6319.0,0.042306610784536895
14450.0,Kogarah (C),2015.0,61422.0,7390.0,0.13677080248741486
54550.0,Kojonup (S),2015.0,1999.0,-261.0,-0.11548672566371682
54620.0,Kondinin (S),2015.0,1055.0,43.0,0.042490118577075096
54690.0,Koorda (S),2015.0,435.0,-42.0,-0.0880503144654088
34420.0,Kowanyama (S),2015.0,1142.0,94.0,0.08969465648854962
14500.0,Ku-ring-gai (A),2015.0,122859.0,17976.0,0.17139097851892107
54760.0,Kulin (S),2015.0,799.0,-113.0,-0.12390350877192982
54830.0,Kwinana (C),2015.0,37149.0,14096.0,0.6114605474341734
14550.0,Kyogle (A),2015.0,9537.0,30.0,0.003155569580309246
14600.0,Lachlan (A),2015.0,6767.0,-189.0,-0.027170787809085682
54900.0,Lake Grace (S),2015.0,1314.0,-234.0,-0.1511627906976744
14650.0,Lake Macquarie (C),2015.0,204166.0,15619.0,0.08283876168806717
14700.0,Lane Cove (A),2015.0,35959.0,4421.0,0.14018010019658825
23810.0,Latrobe (C),2015.0,73548.0,3609.0,0.05160211041050058
63810.0,Latrobe (M),2015.0,10938.0,2179.0,0.24877269094645507
64010.0,Launceston (C),2015.0,67078.0,2363.0,0.036513945762188055
54970.0,Laverton (S),2015.0,1216.0,347.0,0.3993095512082854
14750.0,Leeton (A),2015.0,11645.0,55.0,0.004745470232959448
14800.0,Leichhardt (A),2015.0,58756.0,7842.0,0.1540244333582119
55040.0,Leonora (S),2015.0,2476.0,877.0,0.5484677923702314
43650.0,Light (RegC),2015.0,14841.0,2516.0,0.20413793103448277
14850.0,Lismore (C),2015.0,44741.0,1730.0,0.04022226872195485
72300.0,Litchfield (M),2015.0,23614.0,7399.0,0.4563058896083873
14870.0,Lithgow (C),2015.0,21416.0,1144.0,0.05643251775848461
14900.0,Liverpool (C),2015.0,204594.0,37122.0,0.2216609343651476
14920.0,Liverpool Plains (A),2015.0,7759.0,23.0,0.0029731127197518098
34530.0,Livingstone (S),2015.0,37001.0,8246.0,0.2867675186924013
14950.0,Lockhart (A),2015.0,3025.0,-242.0,-0.07407407407407407
34570.0,Lockhart River (S),2015.0,548.0,-36.0,-0.06164383561643835
34580.0,Lockyer Valley (R),2015.0,38798.0,8274.0,0.2710653911676058
23940.0,Loddon (S),2015.0,7283.0,-729.0,-0.09098851722416375
34590.0,Logan (C),2015.0,308681.0,54776.0,0.2157342313069849
34710.0,Longreach (R),2015.0,4092.0,-192.0,-0.04481792717086835
43710.0,Lower Eyre Peninsula (DC),2015.0,5087.0,679.0,0.15403811252268604
43790.0,Loxton Waikerie (DC),2015.0,11462.0,-561.0,-0.04666056724611162
72330.0,MacDonnell (R),2015.0,6982.0,215.0,0.031771833899807894
24130.0,Macedon Ranges (S),2015.0,45308.0,6310.0,0.16180316939330222
34770.0,Mackay (R),2015.0,123724.0,23823.0,0.2384660814206064
15050.0,Maitland (C),2015.0,76607.0,14646.0,0.2363744936330918
43920.0,Mallala (DC),2015.0,8750.0,727.0,0.09061448336033903
55110.0,Mandurah (C),2015.0,83931.0,27212.0,0.479768684215166
55180.0,Manjimup (S),2015.0,9404.0,-475.0,-0.04808178965482336
15150.0,Manly (A),2015.0,45365.0,6738.0,0.1744375695756854
24210.0,Manningham (C),2015.0,119442.0,6010.0,0.05298328513999577
24250.0,Mansfield (S),2015.0,8300.0,1176.0,0.16507580011229647
34830.0,Mapoon (S),2015.0,294.0,55.0,0.2301255230125523
44e3,Maralinga Tjarutja (AC),2015.0,75.0,-41.0,-0.35344827586206895
34860.0,Maranoa (R),2015.0,13862.0,1361.0,0.10887129029677625
34880.0,Mareeba (S),2015.0,21833.0,3280.0,0.17679081550153614
24330.0,Maribyrnong (C),2015.0,83515.0,19378.0,0.3021344933501723
44060.0,Marion (C),2015.0,88983.0,9003.0,0.1125656414103526
24410.0,Maroondah (C),2015.0,112310.0,11301.0,0.1118811195042026
15200.0,Marrickville (A),2015.0,84270.0,9530.0,0.12750869681562751
34800.0,McKinlay (S),2015.0,1062.0,111.0,0.1167192429022082
64210.0,Meander Valley (M),2015.0,19686.0,797.0,0.04219386944782678
55250.0,Meekatharra (S),2015.0,1376.0,91.0,0.07081712062256809
24600.0,Melbourne (C),2015.0,128980.0,52946.0,0.696346371360181
24650.0,Melton (C),2015.0,132752.0,58436.0,0.7863178857850261
55320.0,Melville (C),2015.0,106655.0,9956.0,0.10295866554979886
55390.0,Menzies (S),2015.0,378.0,118.0,0.45384615384615384
55460.0,Merredin (S),2015.0,3291.0,-151.0,-0.04386984311446833
44210.0,Mid Murray (DC),2015.0,8243.0,-10.0,-0.0012116806009935782
15270.0,Mid-Western Regional (A),2015.0,24191.0,2544.0,0.11752205848385458
24780.0,Mildura (RC),2015.0,53015.0,3034.0,0.0607030671655229
55530.0,Mingenew (S),2015.0,473.0,-48.0,-0.09213051823416507
44340.0,Mitcham (C),2015.0,66347.0,3082.0,0.04871571959219158
24850.0,Mitchell (S),2015.0,39143.0,8651.0,0.28371376098648826
24900.0,Moira (S),2015.0,28820.0,1851.0,0.06863435796655419
24970.0,Monash (C),2015.0,187286.0,22337.0,0.13541761392915386
25060.0,Moonee Valley (C),2015.0,119583.0,14524.0,0.13824612836596578
55600.0,Moora (S),2015.0,2539.0,-54.0,-0.02082529888160432
25150.0,Moorabool (S),2015.0,31496.0,5713.0,0.22158011092580382
55670.0,Morawa (S),2015.0,879.0,-7.0,-0.007900677200902935
15300.0,Moree Plains (A),2015.0,14053.0,-640.0,-0.04355815694548425
25250.0,Moreland (C),2015.0,166770.0,27807.0,0.20010362470585696
35010.0,Moreton Bay (R),2015.0,425482.0,102397.0,0.31693517185879877
35250.0,Mornington (S),2015.0,1225.0,158.0,0.14807872539831302
25340.0,Mornington Peninsula (S),2015.0,155015.0,17256.0,0.125262233320509
15350.0,Mosman (A),2015.0,30496.0,2958.0,0.107415208076113
55740.0,Mosman Park (T),2015.0,9547.0,785.0,0.08959141748459255
25430.0,Mount Alexander (S),2015.0,18130.0,890.0,0.05162412993039443
44550.0,Mount Barker (DC),2015.0,32558.0,5852.0,0.21912678798771812
44620.0,Mount Gambier (C),2015.0,26348.0,1853.0,0.07564809144723413
35300.0,Mount Isa (C),2015.0,22517.0,2364.0,0.11730263484344762
55810.0,Mount Magnet (S),2015.0,643.0,-101.0,-0.135752688172043
55880.0,Mount Marshall (S),2015.0,449.0,-207.0,-0.3155487804878049
44830.0,Mount Remarkable (DC),2015.0,2773.0,-126.0,-0.0434632631942049
25490.0,Moyne (S),2015.0,16229.0,594.0,0.037991685321394304
55950.0,Mukinbudin (S),2015.0,468.0,-175.0,-0.27216174183514774
56090.0,Mundaring (S),2015.0,40015.0,3820.0,0.10553943914905374
56160.0,Murchison (S),2015.0,114.0,-15.0,-0.11627906976744186
15500.0,Murray (A),2015.0,7599.0,1205.0,0.18845792930872693
56230.0,Murray (S),2015.0,17262.0,4996.0,0.4073047448230882
45040.0,Murray Bridge (RC),2015.0,20971.0,3040.0,0.16953878757459148
25620.0,Murrindindi (S),2015.0,13693.0,221.0,0.01640439429928741
15550.0,Murrumbidgee (A),2015.0,2558.0,-7.0,-0.0027290448343079924
35600.0,Murweh (S),2015.0,4626.0,-148.0,-0.031001256807708422
15650.0,Muswellbrook (A),2015.0,17209.0,1742.0,0.11262688304131377
15700.0,Nambucca (A),2015.0,19598.0,1351.0,0.07403956814818874
56300.0,Nannup (S),2015.0,1307.0,36.0,0.02832415420928403
35670.0,Napranum (S),2015.0,962.0,106.0,0.12383177570093458
45090.0,Naracoorte and Lucindale (DC),2015.0,8390.0,45.0,0.005392450569203115
56370.0,Narembeen (S),2015.0,795.0,-157.0,-0.16491596638655462
15750.0,Narrabri (A),2015.0,13799.0,207.0,0.015229546792230724
15800.0,Narrandera (A),2015.0,5920.0,-301.0,-0.04838450409901945
56450.0,Narrogin (S),2015.0,891.0,48.0,0.05693950177935943
56520.0,Narrogin (T),2015.0,4467.0,-53.0,-0.011725663716814159
15850.0,Narromine (A),2015.0,6822.0,88.0,0.013068013068013067
56580.0,Nedlands (C),2015.0,23084.0,1583.0,0.07362448258220548
15900.0,Newcastle (C),2015.0,161225.0,15311.0,0.10493167208081472
56620.0,Ngaanyatjarraku (S),2015.0,1420.0,-57.0,-0.03859174001354096
25710.0,Nillumbik (S),2015.0,62602.0,1500.0,0.02454911459526693
35740.0,Noosa (S),2015.0,53515.0,5880.0,0.12343864805290228
35760.0,North Burnett (R),2015.0,10292.0,-111.0,-0.010669999038738826
15950.0,North Sydney (A),2015.0,72618.0,11768.0,0.1933935907970419
56730.0,Northam (S),2015.0,11555.0,1285.0,0.12512171372930866
56790.0,Northampton (S),2015.0,3253.0,-92.0,-0.027503736920777278
45120.0,Northern Areas (DC),2015.0,4488.0,-267.0,-0.05615141955835962
25810.0,Northern Grampians (S),2015.0,11509.0,-776.0,-0.06316646316646317
64610.0,Northern Midlands (M),2015.0,12749.0,327.0,0.026324263403638706
35780.0,Northern Peninsula Area (R),2015.0,2714.0,644.0,0.3111111111111111
45290.0,Norwood Payneham St Peters (C),2015.0,37350.0,2729.0,0.07882499061263396
56860.0,Nungarin (S),2015.0,218.0,-40.0,-0.15503875968992248
16100.0,Oberon (A),2015.0,5318.0,125.0,0.024070864625457346
45340.0,Onkaparinga (C),2015.0,168798.0,16892.0,0.11120034758337392
16150.0,Orange (C),2015.0,41809.0,5399.0,0.1482834386157649
45400.0,Orroroo/Carrieton (DC),2015.0,852.0,-118.0,-0.12164948453608247
16180.0,Palerang (A),2015.0,15897.0,3725.0,0.3060302333223792
35790.0,Palm Island (S),2015.0,2671.0,568.0,0.2700903471231574
72800.0,Palmerston (C),2015.0,34652.0,10496.0,0.4345090246729591
16200.0,Parkes (A),2015.0,15337.0,710.0,0.04854037054761742
35800.0,Paroo (S),2015.0,1841.0,-201.0,-0.09843290891283056
16250.0,Parramatta (C),2015.0,194448.0,44009.0,0.29253717453585837
16350.0,Penrith (C),2015.0,197922.0,22123.0,0.12584258158465064
56930.0,Peppermint Grove (S),2015.0,1646.0,-46.0,-0.027186761229314422
57e3,Perenjori (S),2015.0,895.0,321.0,0.5592334494773519
57080.0,Perth (C),2015.0,21092.0,9993.0,0.9003513830074782
45540.0,Peterborough (DC),2015.0,1673.0,-290.0,-0.1477330616403464
57140.0,Pingelly (S),2015.0,1188.0,-29.0,-0.0238290879211175
16370.0,Pittwater (A),2015.0,64189.0,8246.0,0.14740003217560732
57210.0,Plantagenet (S),2015.0,5185.0,542.0,0.11673486969631704
45680.0,Playford (C),2015.0,88222.0,17734.0,0.25158892293723756
36070.0,Pormpuraaw (S),2015.0,743.0,120.0,0.1926163723916533
45890.0,Port Adelaide Enfield (C),2015.0,123754.0,19384.0,0.18572386701159338
46090.0,Port Augusta (C),2015.0,14522.0,414.0,0.029345052452509214
57280.0,Port Hedland (T),2015.0,16483.0,2603.0,0.18753602305475503
46300.0,Port Lincoln (C),2015.0,14984.0,972.0,0.06936911218955182
16380.0,Port Macquarie-Hastings (A),2015.0,78128.0,8469.0,0.1215779726955598
25900.0,Port Phillip (C),2015.0,107127.0,19296.0,0.2196946408443488
46450.0,Port Pirie City and Dists (M),2015.0,17540.0,29.0,0.001656101878819028
16400.0,Port Stephens (A),2015.0,70447.0,8529.0,0.13774669724474306
46510.0,Prospect (C),2015.0,21416.0,1702.0,0.08633458455919651
25990.0,Pyrenees (S),2015.0,6822.0,219.0,0.033166742389822805
57350.0,Quairading (S),2015.0,1044.0,-24.0,-0.02247191011235955
16470.0,Queanbeyan (C),2015.0,40657.0,3943.0,0.10739772293947812
26080.0,Queenscliffe (B),2015.0,3017.0,-87.0,-0.02802835051546392
36150.0,Quilpie (S),2015.0,948.0,-71.0,-0.06967615309126594
16550.0,Randwick (C),2015.0,145822.0,21226.0,0.17035859899194195
57420.0,Ravensthorpe (S),2015.0,2263.0,530.0,0.3058280438545874
36250.0,Redland (C),2015.0,149989.0,21335.0,0.1658323876443795
46670.0,Renmark Paringa (DC),2015.0,9230.0,-448.0,-0.04629055589997933
36300.0,Richmond (S),2015.0,832.0,-143.0,-0.14666666666666667
16610.0,Richmond Valley (A),2015.0,23181.0,1925.0,0.0905626646593903
46860.0,Robe (DC),2015.0,1428.0,33.0,0.023655913978494623
16650.0,Rockdale (C),2015.0,109862.0,14965.0,0.15769729285435788
36370.0,Rockhampton (R),2015.0,83653.0,10468.0,0.143034774885564
57490.0,Rockingham (C),2015.0,128962.0,46026.0,0.5549580399344073
73600.0,Roper Gulf (R),2015.0,7436.0,1084.0,0.17065491183879095
46970.0,Roxby Downs (M),2015.0,5078.0,1064.0,0.2650722471350274
16700.0,Ryde (C),2015.0,117171.0,17644.0,0.17727852743476644
47140.0,Salisbury (C),2015.0,138535.0,19066.0,0.15958951694581858
57630.0,Sandstone (S),2015.0,105.0,-21.0,-0.16666666666666666
36510.0,Scenic Rim (R),2015.0,39757.0,6197.0,0.1846543504171633
57700.0,Serpentine-Jarrahdale (S),2015.0,24108.0,11195.0,0.8669557809958957
57770.0,Shark Bay (S),2015.0,951.0,42.0,0.0462046204620462
16900.0,Shellharbour (C),2015.0,69714.0,7851.0,0.1269094612288444
16950.0,Shoalhaven (C),2015.0,100147.0,9974.0,0.11060960597961696
17e3,Singleton (A),2015.0,24071.0,1817.0,0.08164824301249214
17050.0,Snowy River (A),2015.0,8178.0,800.0,0.10843046896177826
36580.0,Somerset (R),2015.0,24007.0,4922.0,0.2578988734608331
64810.0,Sorell (M),2015.0,13955.0,2217.0,0.18887374339751234
36630.0,South Burnett (R),2015.0,32575.0,3525.0,0.12134251290877797
26170.0,South Gippsland (S),2015.0,27706.0,1638.0,0.06283566058002148
57840.0,South Perth (C),2015.0,46244.0,6219.0,0.15537788881948783
36660.0,Southern Downs (R),2015.0,35738.0,3728.0,0.11646360512339894
26260.0,Southern Grampians (S),2015.0,15751.0,-1128.0,-0.06682860359026009
47290.0,Southern Mallee (DC),2015.0,2058.0,-139.0,-0.06326809285389166
65010.0,Southern Midlands (M),2015.0,6278.0,428.0,0.07316239316239316
57910.0,Stirling (C),2015.0,227566.0,45590.0,0.2505275420934629
26350.0,Stonnington (C),2015.0,107941.0,15048.0,0.1619928304608528
26430.0,Strathbogie (S),2015.0,9826.0,371.0,0.03923849814912744
17100.0,Strathfield (A),2015.0,40125.0,7982.0,0.2483277852098435
47490.0,Streaky Bay (DC),2015.0,2249.0,218.0,0.10733628754308222
57980.0,Subiaco (C),2015.0,20423.0,3426.0,0.20156498205565687
36720.0,Sunshine Coast (R),2015.0,287539.0,57371.0,0.24925706440513015
26490.0,Surf Coast (S),2015.0,28941.0,7122.0,0.32641275952151794
17150.0,Sutherland Shire (A),2015.0,226220.0,14760.0,0.0698004350704625
58050.0,Swan (C),2015.0,133303.0,39512.0,0.42127709481719994
26610.0,Swan Hill (RC),2015.0,20409.0,-568.0,-0.02707727511083568
17200.0,Sydney (C),2015.0,205339.0,46505.0,0.2927899568102547
36820.0,Tablelands (R),2015.0,24997.0,2136.0,0.09343423297318577
58190.0,Tammin (S),2015.0,406.0,-14.0,-0.03333333333333333
17310.0,Tamworth Regional (A),2015.0,61121.0,6758.0,0.12431249195224693
65210.0,Tasman (M),2015.0,2405.0,126.0,0.055287406757349715
47630.0,Tatiara (DC),2015.0,6631.0,-439.0,-0.062093352192362096
47700.0,Tea Tree Gully (C),2015.0,98861.0,439.0,0.004460384873300685
17350.0,Temora (A),2015.0,6071.0,55.0,0.009142287234042553
17400.0,Tenterfield (A),2015.0,6986.0,356.0,0.053695324283559574
47800.0,The Coorong (DC),2015.0,5556.0,-281.0,-0.04814116840842899
17420.0,The Hills Shire (A),2015.0,192230.0,30915.0,0.19164367851718686
58260.0,Three Springs (S),2015.0,614.0,-97.0,-0.13642756680731363
74050.0,Tiwi Islands (R),2015.0,3102.0,674.0,0.2775947281713344
58330.0,Toodyay (S),2015.0,4544.0,267.0,0.0624269347673603
36910.0,Toowoomba (R),2015.0,163232.0,19441.0,0.1352031768330424
36950.0,Torres (S),2015.0,3665.0,184.0,0.05285837403045102
36960.0,Torres Strait Island (R),2015.0,4635.0,150.0,0.033444816053511704
37010.0,Townsville (C),2015.0,193946.0,38616.0,0.2486061932659499
26670.0,Towong (S),2015.0,5762.0,-343.0,-0.05618345618345618
58400.0,Trayning (S),2015.0,326.0,-82.0,-0.20098039215686275
17450.0,Tumbarumba (A),2015.0,3586.0,-34.0,-0.009392265193370166
47910.0,Tumby Bay (DC),2015.0,2668.0,62.0,0.023791250959324637
17500.0,Tumut Shire (A),2015.0,11408.0,328.0,0.0296028880866426
17550.0,Tweed (A),2015.0,92460.0,12078.0,0.1502575203403747
19399.0,Unincorporated NSW,2015.0,1089.0,-25.0,-0.02244165170556553
79399.0,Unincorporated NT,2015.0,6779.0,-1141.0,-0.14406565656565656
49399.0,Unincorporated SA,2015.0,4350.0,270.0,0.0661764705882353
29399.0,Unincorporated Vic,2015.0,752.0,55.0,0.07890961262553801
47980.0,Unley (C),2015.0,39324.0,2519.0,0.06844178780057057
58470.0,Upper Gascoyne (S),2015.0,264.0,-68.0,-0.20481927710843373
17620.0,Upper Hunter Shire (A),2015.0,14537.0,1256.0,0.09457119192831866
17640.0,Upper Lachlan Shire (A),2015.0,7876.0,691.0,0.09617258176757133
17650.0,Uralla (A),2015.0,6411.0,523.0,0.08882472826086957
17700.0,Urana (A),2015.0,1142.0,-161.0,-0.12356101304681504
48050.0,Victor Harbor (C),2015.0,15169.0,2989.0,0.2454022988505747
74550.0,Victoria Daly (R),2015.0,3326.0,-113.0,-0.032858389066589125
58510.0,Victoria Park (T),2015.0,38450.0,9689.0,0.3368798025103439
58540.0,Victoria Plains (S),2015.0,914.0,-48.0,-0.0498960498960499
58570.0,Vincent (C),2015.0,37461.0,8679.0,0.3015426308109235
74560.0,Wagait (S),2015.0,427.0,117.0,0.3774193548387097
17750.0,Wagga Wagga (C),2015.0,63428.0,5667.0,0.09811118228562525
58610.0,Wagin (S),2015.0,1920.0,-5.0,-0.0025974025974025974
48130.0,Wakefield (DC),2015.0,6886.0,353.0,0.054033369049441296
17800.0,Wakool (A),2015.0,3987.0,-551.0,-0.12141912736888497
17850.0,Walcha (A),2015.0,3064.0,-180.0,-0.055487053020961775
17900.0,Walgett (A),2015.0,6791.0,-521.0,-0.0712527352297593
48260.0,Walkerville (M),2015.0,7673.0,555.0,0.07797134026411913
58680.0,Wandering (S),2015.0,434.0,64.0,0.17297297297297298
26700.0,Wangaratta (RC),2015.0,27065.0,457.0,0.017175285628382442
58760.0,Wanneroo (C),2015.0,188785.0,81732.0,0.7634722987679
65410.0,Waratah/Wynyard (M),2015.0,14289.0,532.0,0.03867122192338446
58820.0,Waroona (S),2015.0,4055.0,479.0,0.13394854586129754
17950.0,Warren (A),2015.0,2901.0,-18.0,-0.006166495375128468
18e3,Warringah (A),2015.0,156693.0,19522.0,0.14231871168104046
26730.0,Warrnambool (C),2015.0,33644.0,3091.0,0.10116846136222302
18020.0,Warrumbungle Shire (A),2015.0,9728.0,-427.0,-0.04204825209256524
48340.0,Wattle Range (DC),2015.0,11460.0,-790.0,-0.06448979591836734
18050.0,Waverley (A),2015.0,72699.0,9264.0,0.14603925277843463
18100.0,Weddin (A),2015.0,3701.0,-36.0,-0.009633395772009633
37300.0,Weipa (T),2015.0,3966.0,1245.0,0.45755237045203967
18150.0,Wellington (A),2015.0,9073.0,688.0,0.08205128205128205
26810.0,Wellington (S),2015.0,41965.0,1461.0,0.03607051155441438
18200.0,Wentworth (A),2015.0,6883.0,-32.0,-0.0046276211135213305
74660.0,West Arnhem (R),2015.0,7452.0,1148.0,0.18210659898477158
58890.0,West Arthur (S),2015.0,904.0,17.0,0.019165727170236752
65610.0,West Coast (M),2015.0,4483.0,-762.0,-0.14528122020972353
74680.0,West Daly (R),2015.0,3764.0,900.0,0.31424581005586594
65810.0,West Tamar (M),2015.0,23202.0,1748.0,0.0814766477113825
48410.0,West Torrens (C),2015.0,58964.0,5895.0,0.11108179916712205
26890.0,West Wimmera (S),2015.0,3879.0,-704.0,-0.15361117172157976
37310.0,Western Downs (R),2015.0,33799.0,4962.0,0.17207060373825295
59030.0,Westonia (S),2015.0,259.0,29.0,0.12608695652173912
26980.0,Whitehorse (C),2015.0,165557.0,18213.0,0.12360869801281356
37340.0,Whitsunday (R),2015.0,34312.0,4706.0,0.15895426602715665
27070.0,Whittlesea (C),2015.0,195397.0,69504.0,0.5520878841555924
48540.0,Whyalla (C),2015.0,22759.0,869.0,0.03969849246231156
59100.0,Wickepin (S),2015.0,718.0,-37.0,-0.04900662251655629
59170.0,Williams (S),2015.0,937.0,18.0,0.01958650707290533
18250.0,Willoughby (C),2015.0,76354.0,10776.0,0.16432340114062643
59250.0,Wiluna (S),2015.0,1156.0,388.0,0.5052083333333334
18350.0,Wingecarribee (A),2015.0,48028.0,4626.0,0.10658495000230404
37400.0,Winton (S),2015.0,1359.0,-95.0,-0.06533700137551582
27170.0,Wodonga (RC),2015.0,38559.0,4962.0,0.14769175819269578
18400.0,Wollondilly (A),2015.0,47997.0,7586.0,0.1877211650293237
18450.0,Wollongong (C),2015.0,208875.0,18154.0,0.09518616198530838
59310.0,Wongan-Ballidu (S),2015.0,1480.0,-10.0,-0.006711409395973154
59320.0,Woodanilling (S),2015.0,422.0,18.0,0.04455445544554455
18500.0,Woollahra (A),2015.0,59307.0,6652.0,0.1263317823568512
37550.0,Woorabinda (S),2015.0,1001.0,86.0,0.09398907103825137
48640.0,Wudinna (DC),2015.0,1282.0,-81.0,-0.05942773294203962
37570.0,Wujal Wujal (S),2015.0,296.0,-46.0,-0.13450292397660818
59330.0,Wyalkatchem (S),2015.0,525.0,-105.0,-0.16666666666666666
27260.0,Wyndham (C),2015.0,209847.0,101052.0,0.9288294498828071
59340.0,Wyndham-East Kimberley (S),2015.0,8660.0,871.0,0.11182436769803569
18550.0,Wyong (A),2015.0,159981.0,19311.0,0.13727873747067604
59350.0,Yalgoo (S),2015.0,402.0,128.0,0.46715328467153283
48750.0,Yankalilla (DC),2015.0,4700.0,549.0,0.13225728740062637
27350.0,Yarra (C),2015.0,89151.0,17432.0,0.24305971918180677
27450.0,Yarra Ranges (S),2015.0,150661.0,7733.0,0.05410416433449009
37600.0,Yarrabah (S),2015.0,2686.0,276.0,0.11452282157676348
27630.0,Yarriambiack (S),2015.0,6759.0,-956.0,-0.1239144523655217
18710.0,Yass Valley (A),2015.0,16564.0,3317.0,0.25039631614705216
59360.0,Yilgarn (S),2015.0,1552.0,-28.0,-0.017721518987341773
59370.0,York (S),2015.0,3460.0,240.0,0.07453416149068323
48830.0,Yorke Peninsula (DC),2015.0,11018.0,-512.0,-0.04440589765828274
18750.0,Young (A),2015.0,12588.0,486.0,0.04015865146256817
